{
    "physics_per_second": 120,
    "orbVel_modifier": 0.1,
    "G_const": -0.00005170079,
    "hitBox": 10,
    "oCoords": [1, 0],
    "offset": [-24, -28],
    "massRange": [1.84741075918, 47727.5012569],
    "massSun": 5e+7
}