{
    "maxVel": 0.5,
    "G_const": -6.6743e-11,
    "hitBox": 25,
    "oCoords": [1, 0],
    "offset": [-24, -28],
    "massRange": [1.84741075918, 47727.5012569],
    "massSun": 5e+7
}